Total cycle count,Time,Extension,Load
,(s),(mm),(N)
"0.00000","0.00000","0.00001","3.29132"
"0.00000","0.00500","0.00016","3.36736"
"0.00000","0.01000","0.00094","3.57762"
"0.00000","0.01500","0.00324","3.94886"
"0.00000","0.02000","0.00814","4.49616"
"0.00000","0.02500","0.01646","5.12434"
"0.00000","0.03000","0.02830","5.86125"
"0.00000","0.03500","0.04316","6.72880"
"0.00000","0.04000","0.06039","7.74043"
"0.00000","0.04500","0.07947","8.87009"
"0.00000","0.05000","0.10004","10.07340"
"0.00000","0.05500","0.12188","11.35317"
"0.00000","0.06000","0.14482","12.67790"
"0.00000","0.06500","0.16875","14.05568"
"0.00000","0.07000","0.19349","15.47658"
"0.00000","0.07500","0.21890","16.90726"
"0.00000","0.08000","0.24480","18.36129"
"0.00000","0.08500","0.27101","19.81068"
"0.00000","0.09000","0.29737","21.25118"
"0.00000","0.09500","0.32376","22.68296"
"0.00000","0.10000","0.35009","24.08948"
"0.00000","0.10500","0.37628","25.49212"
"0.00000","0.11000","0.40231","26.89801"
"0.00000","0.11500","0.42816","28.30309"
"0.00000","0.12000","0.45385","29.73225"
"0.00000","0.12500","0.47940","31.16749"
"0.00000","0.13000","0.50484","32.60569"
"0.00000","0.13500","0.53019","34.03586"
"0.00000","0.14000","0.55547","35.44421"
"0.00000","0.14500","0.58069","36.85014"
"0.00000","0.15000","0.60586","38.23316"
"0.00000","0.15500","0.63099","39.59669"
"0.00000","0.16000","0.65611","40.94741"
"0.00000","0.16500","0.68121","42.26870"
"0.00000","0.17000","0.70631","43.58007"
"0.00000","0.17500","0.73140","44.87031"
"0.00000","0.18000","0.75649","46.15030"
"0.00000","0.18500","0.78158","47.43481"
"0.00000","0.19000","0.80666","48.70461"
"0.00000","0.19500","0.83174","49.97635"
"0.00000","0.20000","0.85681","51.24718"
"0.00000","0.20500","0.88188","52.51687"
"0.00000","0.21000","0.90693","53.78984"
"0.00000","0.21500","0.93197","55.05049"
"0.00000","0.22000","0.95701","56.31241"
"0.00000","0.22500","0.98205","57.56516"
"0.00000","0.23000","1.00709","58.80716"
"0.00000","0.23500","1.03214","60.04492"
"0.00000","0.24000","1.05720","61.26531"
"0.00000","0.24500","1.08226","62.47884"
"0.00000","0.25000","1.10730","63.68552"
"0.00000","0.25500","1.13234","64.88777"
"0.00000","0.26000","1.15737","66.09053"
"0.00000","0.26500","1.18239","67.28876"
"0.00000","0.27000","1.20741","68.49390"
"0.00000","0.27500","1.23242","69.69358"
"0.00000","0.28000","1.25742","70.88835"
"0.00000","0.28500","1.28243","72.08331"
"0.00000","0.29000","1.30744","73.26221"
"0.00000","0.29500","1.33244","74.43388"
"0.00000","0.30000","1.35744","75.59070"
"0.00000","0.30500","1.38243","76.73761"
"0.00000","0.31000","1.40742","77.87164"
"0.00000","0.31500","1.43241","78.99826"
"0.00000","0.32000","1.45742","80.12308"
"0.00000","0.32500","1.48242","81.24349"
"0.00000","0.33000","1.50743","82.36857"
"0.00000","0.33500","1.53244","83.50255"
"0.00000","0.34000","1.55743","84.63266"
"0.00000","0.34500","1.58242","85.77364"
"0.00000","0.35000","1.60741","86.89972"
"0.00000","0.35500","1.63240","88.01402"
"0.00000","0.36000","1.65740","89.12109"
"0.00000","0.36500","1.68240","90.21433"
"0.00000","0.37000","1.70740","91.30267"
"0.00000","0.37500","1.73241","92.38892"
"0.00000","0.38000","1.75741","93.47118"
"0.00000","0.38500","1.78241","94.55417"
"0.00000","0.39000","1.80740","95.63376"
"0.00000","0.39500","1.83239","96.71939"
"0.00000","0.40000","1.85738","97.80428"
"0.00000","0.40500","1.88237","98.88575"
"0.00000","0.41000","1.90736","99.97136"
"0.00000","0.41500","1.93236","101.04128"
"0.00000","0.42000","1.95736","102.10928"
"0.00000","0.42500","1.98237","103.16439"
"0.00000","0.43000","2.00738","104.18939"
"0.00000","0.43500","2.03240","105.17496"
"0.00000","0.44000","2.05741","106.11466"
"0.00000","0.44500","2.08241","107.08634"
"0.00000","0.45000","2.10740","108.14637"
"0.00000","0.45500","2.13239","109.27547"
"0.00000","0.46000","2.15738","110.40879"
"0.00000","0.46500","2.18237","111.49985"
"0.00000","0.47000","2.20737","112.55354"
"0.00000","0.47500","2.23238","113.56651"
"0.00000","0.48000","2.25739","114.54282"
"0.00000","0.48500","2.28240","115.51119"
"0.00000","0.49000","2.30739","116.48041"
"0.00000","0.49500","2.33239","117.46702"
"0.00000","0.50000","2.35738","118.46224"
"0.00000","0.50500","2.38239","119.48724"
"0.00000","0.51000","2.40740","120.53066"
"0.00000","0.51500","2.43241","121.55406"
"0.00000","0.52000","2.45742","122.56632"
"0.00000","0.52500","2.48243","123.56078"
"0.00000","0.53000","2.50744","124.54783"
"0.00000","0.53500","2.53244","125.54195"
"0.00000","0.54000","2.55744","126.53257"
"0.00000","0.54500","2.58244","127.53284"
"0.00000","0.55000","2.60743","128.53685"
"0.00000","0.55500","2.63242","129.54527"
"0.00000","0.56000","2.65742","130.54660"
"0.00000","0.56500","2.68241","131.53123"
"0.00000","0.57000","2.70741","132.50591"
"0.00000","0.57500","2.73240","133.47220"
"0.00000","0.58000","2.75740","134.43309"
"0.00000","0.58500","2.78241","135.40044"
"0.00000","0.59000","2.80741","136.38261"
"0.00000","0.59500","2.83240","137.38364"
"0.00000","0.60000","2.85739","138.39384"
"0.00000","0.60500","2.88238","139.41087"
"0.00000","0.61000","2.90737","140.42805"
"0.00000","0.61500","2.93236","141.42162"
"0.00000","0.62000","2.95735","142.39319"
"0.00000","0.62500","2.98235","143.33897"
"0.50000","0.62900","3.00234","144.07858"
"0.50000","0.63000","3.00733","144.26324"
"0.50000","0.63500","3.03232","145.19170"
"0.50000","0.64000","3.05720","146.04129"
"0.50000","0.64500","3.08133","146.64221"
"0.50000","0.65000","3.10319","146.96642"
"0.50000","0.65500","3.12070","146.77173"
"0.50000","0.66000","3.13196","146.05684"
"0.50000","0.66500","3.13601","144.86536"
"0.50000","0.67000","3.13311","143.16211"
"0.50000","0.67500","3.12434","141.03194"
"0.50000","0.68000","3.11089","138.56453"
"0.50000","0.68500","3.09387","135.87038"
"0.50000","0.69000","3.07412","133.04897"
"0.50000","0.69500","3.05226","130.13405"
"0.50000","0.70000","3.02879","127.19817"
"0.50000","0.70500","3.00406","124.22679"
"0.50000","0.71000","2.97841","121.28758"
"0.50000","0.71500","2.95211","118.39697"
"0.50000","0.72000","2.92543","115.58562"
"0.50000","0.72500","2.89857","112.88184"
"0.50000","0.73000","2.87171","110.26351"
"0.50000","0.73500","2.84498","107.73914"
"0.50000","0.74000","2.81845","105.31161"
"0.50000","0.74500","2.79215","102.95366"
"0.50000","0.75000","2.76610","100.67659"
"0.50000","0.75500","2.74026","98.47676"
"0.50000","0.76000","2.71462","96.33614"
"0.50000","0.76500","2.68915","94.27804"
"0.50000","0.77000","2.66380","92.28537"
"0.50000","0.77500","2.63854","90.37087"
"0.50000","0.78000","2.61336","88.51543"
"0.50000","0.78500","2.58823","86.70355"
"0.50000","0.79000","2.56314","84.94753"
"0.50000","0.79500","2.53806","83.21078"
"0.50000","0.80000","2.51300","81.50928"
"0.50000","0.80500","2.48795","79.82133"
"0.50000","0.81000","2.46291","78.14529"
"0.50000","0.81500","2.43786","76.49706"
"0.50000","0.82000","2.41281","74.86718"
"0.50000","0.82500","2.38776","73.27706"
"0.50000","0.83000","2.36270","71.72745"
"0.50000","0.83500","2.33763","70.20610"
"0.50000","0.84000","2.31258","68.72965"
"0.50000","0.84500","2.28753","67.27556"
"0.50000","0.85000","2.26249","65.84975"
"0.50000","0.85500","2.23746","64.45015"
"0.50000","0.86000","2.21243","63.05461"
"0.50000","0.86500","2.18740","61.68410"
"0.50000","0.87000","2.16236","60.31901"
"0.50000","0.87500","2.13733","58.97241"
"0.50000","0.88000","2.11229","57.65692"
"0.50000","0.88500","2.08726","56.35596"
"0.50000","0.89000","2.06223","55.08772"
"0.50000","0.89500","2.03721","53.84062"
"0.50000","0.90000","2.01219","52.62168"
"0.50000","0.90500","1.98717","51.42666"
"0.50000","0.91000","1.96214","50.23801"
"0.50000","0.91500","1.93711","49.07531"
"0.50000","0.92000","1.91209","47.92997"
"0.50000","0.92500","1.88707","46.80117"
"0.50000","0.93000","1.86206","45.69074"
"0.50000","0.93500","1.83706","44.57328"
"0.50000","0.94000","1.81206","43.47308"
"0.50000","0.94500","1.78707","42.38015"
"0.50000","0.95000","1.76208","41.30165"
"0.50000","0.95500","1.73710","40.25771"
"0.50000","0.96000","1.71211","39.21981"
"0.50000","0.96500","1.68712","38.20784"
"0.50000","0.97000","1.66213","37.20319"
"0.50000","0.97500","1.63713","36.21256"
"0.50000","0.98000","1.61212","35.24608"
"0.50000","0.98500","1.58710","34.27329"
"0.50000","0.99000","1.56209","33.31116"
"0.50000","0.99500","1.53708","32.35229"
"0.50000","1.00000","1.51208","31.39425"
"0.50000","1.00500","1.48708","30.45362"
"0.50000","1.01000","1.46208","29.52112"
"0.50000","1.01500","1.43707","28.60736"
"0.50000","1.02000","1.41207","27.71482"
"0.50000","1.02500","1.38706","26.83442"
"0.50000","1.03000","1.36205","25.98261"
"0.50000","1.03500","1.33705","25.13603"
"0.50000","1.04000","1.31206","24.29623"
"0.50000","1.04500","1.28706","23.46611"
"0.50000","1.05000","1.26205","22.63298"
"0.50000","1.05500","1.23704","21.81419"
"0.50000","1.06000","1.21202","21.00795"
"0.50000","1.06500","1.18700","20.20867"
"0.50000","1.07000","1.16199","19.42181"
"0.50000","1.07500","1.13699","18.63903"
"0.50000","1.08000","1.11199","17.87339"
"0.50000","1.08500","1.08700","17.11531"
"0.50000","1.09000","1.06200","16.36911"
"0.50000","1.09500","1.03701","15.65758"
"0.50000","1.10000","1.01202","14.96354"
"0.50000","1.10500","0.98703","14.28616"
"0.50000","1.11000","0.96204","13.61599"
"0.50000","1.11500","0.93707","12.94949"
"0.50000","1.12000","0.91209","12.28331"
"0.50000","1.12500","0.88711","11.60737"
"0.50000","1.13000","0.86210","10.93955"
"0.50000","1.13500","0.83708","10.26962"
"0.50000","1.14000","0.81206","9.59896"
"0.50000","1.14500","0.78703","8.93459"
"0.50000","1.15000","0.76201","8.26636"
"0.50000","1.15500","0.73699","7.61231"
"0.50000","1.16000","0.71197","6.96554"
"0.50000","1.16500","0.68696","6.32677"
"0.50000","1.17000","0.66195","5.70941"
"0.50000","1.17500","0.63695","5.09484"
"0.50000","1.18000","0.61195","4.50001"
"0.50000","1.18500","0.58697","3.90898"
"0.50000","1.19000","0.56200","3.32171"
"0.50000","1.19500","0.53702","2.74148"
"0.50000","1.20000","0.51204","2.15506"
"0.50000","1.20500","0.48706","1.58175"
"0.50000","1.21000","0.46208","1.01243"
"0.50000","1.21500","0.43709","0.44582"
"0.50000","1.22000","0.41211","-0.10395"
"0.50000","1.22500","0.38713","-0.64543"
"0.50000","1.23000","0.36215","-1.15199"
"0.50000","1.23500","0.33715","-1.63890"
"0.50000","1.24000","0.31213","-2.09535"
"0.50000","1.24500","0.28709","-2.52101"
"0.50000","1.25000","0.26204","-2.92245"
"0.50000","1.25500","0.23699","-3.28762"
"0.50000","1.26000","0.21194","-3.63431"
"0.50000","1.26500","0.18690","-3.94965"
"0.50000","1.27000","0.16187","-4.24082"
"0.50000","1.27500","0.13685","-4.51488"
"0.50000","1.28000","0.11183","-4.75882"
"0.50000","1.28500","0.08682","-4.98133"
"0.50000","1.29000","0.06183","-5.17986"
"0.50000","1.29500","0.03685","-5.35215"
"0.50000","1.30000","0.01189","-5.51051"
"1.00000","1.30300","-0.00307","-5.58996"
"1.00000","1.30400","-0.00806","-5.61528"
"1.00000","1.30900","-0.03300","-5.74118"
"1.00000","1.31400","-0.05784","-5.77899"
"1.00000","1.31900","-0.08192","-5.60036"
"1.00000","1.32400","-0.10371","-5.30465"
"1.00000","1.32900","-0.12116","-4.91453"
"1.00000","1.33400","-0.13238","-4.58573"
"1.00000","1.33900","-0.13642","-4.47905"
"1.00000","1.34400","-0.13363","-4.45268"
"1.00000","1.34900","-0.12505","-4.43704"
"1.00000","1.35400","-0.11189","-4.35842"
"1.00000","1.35900","-0.09521","-4.22122"
"1.00000","1.36400","-0.07579","-4.02641"
"1.00000","1.36900","-0.05423","-3.76671"
"1.00000","1.37400","-0.03097","-3.45337"
"1.00000","1.37900","-0.00637","-3.06376"
"1.00000","1.38400","0.01922","-2.62757"
"1.00000","1.38900","0.04553","-2.14133"
"1.00000","1.39400","0.07229","-1.61960"
"1.00000","1.39900","0.09927","-1.07330"
"1.00000","1.40400","0.12629","-0.47453"
"1.00000","1.40900","0.15319","0.17746"
"1.00000","1.41400","0.17991","0.87202"
"1.00000","1.41900","0.20637","1.63309"
"1.00000","1.42400","0.23259","2.42727"
"1.00000","1.42900","0.25856","3.26789"
"1.00000","1.43400","0.28432","4.14849"
"1.00000","1.43900","0.30991","5.04617"
"1.00000","1.44400","0.33536","5.96870"
"1.00000","1.44900","0.36069","6.90015"
"1.00000","1.45400","0.38593","7.83858"
"1.00000","1.45900","0.41111","8.80357"
"1.00000","1.46400","0.43623","9.77070"
"1.00000","1.46900","0.46133","10.75489"
"1.00000","1.47400","0.48641","11.74292"
"1.00000","1.47900","0.51149","12.73258"
"1.00000","1.48400","0.53657","13.73570"
"1.00000","1.48900","0.56164","14.73129"
"1.00000","1.49400","0.58671","15.73252"
"1.00000","1.49900","0.61177","16.73730"
"1.00000","1.50400","0.63683","17.73346"
"1.00000","1.50900","0.66189","18.74521"
"1.00000","1.51400","0.68695","19.75923"
"1.00000","1.51900","0.71201","20.78819"
"1.00000","1.52400","0.73708","21.82536"
"1.00000","1.52900","0.76215","22.86534"
"1.00000","1.53400","0.78721","23.92943"
"1.00000","1.53900","0.81227","25.00107"
"1.00000","1.54400","0.83732","26.08291"
"1.00000","1.54900","0.86236","27.17769"
"1.00000","1.55400","0.88740","28.26871"
"1.00000","1.55900","0.91244","29.36487"
"1.00000","1.56400","0.93747","30.45685"
"1.00000","1.56900","0.96249","31.54919"
"1.00000","1.57400","0.98750","32.64480"
"1.00000","1.57900","1.01251","33.73536"
"1.00000","1.58400","1.03753","34.83990"
"1.00000","1.58900","1.06255","35.95058"
"1.00000","1.59400","1.08757","37.06685"
"1.00000","1.59900","1.11260","38.19507"
"1.00000","1.60400","1.13761","39.32331"
"1.00000","1.60900","1.16262","40.46504"
"1.00000","1.61400","1.18763","41.61095"
"1.00000","1.61900","1.21263","42.76015"
"1.00000","1.62400","1.23764","43.91674"
"1.00000","1.62900","1.26264","45.06795"
"1.00000","1.63400","1.28765","46.22265"
"1.00000","1.63900","1.31266","47.37070"
"1.00000","1.64400","1.33766","48.52636"
"1.00000","1.64900","1.36265","49.68785"
"1.00000","1.65400","1.38765","50.85331"
"1.00000","1.65900","1.41264","52.02806"
"1.00000","1.66400","1.43763","53.20979"
"1.00000","1.66900","1.46263","54.40043"
"1.00000","1.67400","1.48764","55.60255"
"1.00000","1.67900","1.51264","56.79728"
"1.00000","1.68400","1.53764","57.99876"
"1.00000","1.68900","1.56263","59.19413"
"1.00000","1.69400","1.58762","60.39898"
"1.00000","1.69900","1.61262","61.60631"
"1.00000","1.70400","1.63761","62.81445"
"1.00000","1.70900","1.66261","64.03530"
"1.00000","1.71400","1.68762","65.25977"
"1.00000","1.71900","1.71262","66.49107"
"1.00000","1.72400","1.73763","67.73036"
"1.00000","1.72900","1.76262","68.96361"
"1.00000","1.73400","1.78762","70.20363"
"1.00000","1.73900","1.81260","71.44173"
"1.00000","1.74400","1.83759","72.68830"
"1.00000","1.74900","1.86257","73.94424"
"1.00000","1.75400","1.88756","75.20013"
"1.00000","1.75900","1.91255","76.46600"
"1.00000","1.76400","1.93754","77.73790"
"1.00000","1.76900","1.96254","79.02163"
"1.00000","1.77400","1.98755","80.31575"
"1.00000","1.77900","2.01256","81.60922"
"1.00000","1.78400","2.03757","82.91124"
"1.00000","1.78900","2.06258","84.20944"
"1.00000","1.79400","2.08758","85.50929"
"1.00000","1.79900","2.11257","86.81348"
"1.00000","1.80400","2.13755","88.11929"
"1.00000","1.80900","2.16254","89.43260"
"1.00000","1.81400","2.18754","90.74929"
"1.00000","1.81900","2.21254","92.07519"
"1.00000","1.82400","2.23755","93.41016"
"1.00000","1.82900","2.26256","94.74288"
"1.00000","1.83400","2.28756","96.07851"
"1.00000","1.83900","2.31255","97.41071"
"1.00000","1.84400","2.33755","98.75089"
"1.00000","1.84900","2.36254","100.09586"
"1.00000","1.85400","2.38755","101.44560"
"1.00000","1.85900","2.41256","102.80656"
"1.00000","1.86400","2.43758","104.16510"
"1.00000","1.86900","2.46260","105.53218"
"1.00000","1.87400","2.48761","106.90711"
"1.00000","1.87900","2.51261","108.27939"
"1.00000","1.88400","2.53761","109.66158"
"1.00000","1.88900","2.56261","111.03930"
"1.00000","1.89400","2.58760","112.41361"
"1.00000","1.89900","2.61259","113.77509"
"1.00000","1.90400","2.63758","115.12698"
"1.00000","1.90900","2.66258","116.48651"
"1.00000","1.91400","2.68758","117.84583"
"1.00000","1.91900","2.71258","119.20757"
"1.00000","1.92400","2.73759","120.57836"
"1.00000","1.92900","2.76259","121.94772"
"1.00000","1.93400","2.78759","123.31949"
"1.00000","1.93900","2.81259","124.68893"
"1.00000","1.94400","2.83758","126.05545"
"1.00000","1.94900","2.86257","127.42155"
"1.00000","1.95400","2.88755","128.78352"
"1.00000","1.95900","2.91254","130.14989"
"1.00000","1.96400","2.93753","131.50934"
"1.00000","1.96900","2.96253","132.86417"
"1.00000","1.97400","2.98752","134.22034"
"1.50000","1.97700","3.00251","135.02657"
"1.50000","1.97800","3.00751","135.29578"
"1.50000","1.98300","3.03249","136.64377"
"1.50000","1.98800","3.05737","137.90237"
"1.50000","1.99300","3.08151","138.89078"
"1.50000","1.99800","3.10337","139.56421"
"1.50000","2.00300","3.12087","139.68762"
"1.50000","2.00800","3.13213","139.26634"
"1.50000","2.01300","3.13617","138.33537"
"1.50000","2.01800","3.13327","136.86093"
"1.50000","2.02300","3.12450","134.93289"
"1.50000","2.02800","3.11105","132.64374"
"1.50000","2.03300","3.09403","130.11324"
"1.50000","2.03800","3.07427","127.43972"
"1.50000","2.04300","3.05242","124.65262"
"1.50000","2.04800","3.02894","121.82951"
"1.50000","2.05300","3.00421","118.96047"
"1.50000","2.05800","2.97855","116.11217"
"1.50000","2.06300","2.95226","113.29865"
"1.50000","2.06800","2.92558","110.54967"
"1.50000","2.07300","2.89872","107.89552"
"1.50000","2.07800","2.87186","105.32351"
"1.50000","2.08300","2.84513","102.84548"
"1.50000","2.08800","2.81859","100.46722"
"1.50000","2.09300","2.79229","98.16634"
"1.50000","2.09800","2.76623","95.95067"
"1.50000","2.10300","2.74039","93.81487"
"1.50000","2.10800","2.71475","91.74194"
"1.50000","2.11300","2.68927","89.74986"
"1.50000","2.11800","2.66391","87.81059"
"1.50000","2.12300","2.63866","85.93890"
"1.50000","2.12800","2.61348","84.11439"
"1.50000","2.13300","2.58834","82.31957"
"1.50000","2.13800","2.56324","80.57334"
"1.50000","2.14300","2.53817","78.84425"
"1.50000","2.14800","2.51311","77.15662"
"1.50000","2.15300","2.48805","75.48919"
"1.50000","2.15800","2.46301","73.84747"
"1.50000","2.16300","2.43796","72.24727"
"1.50000","2.16800","2.41292","70.67252"
"1.50000","2.17300","2.38786","69.14211"
"1.50000","2.17800","2.36279","67.65083"
"1.50000","2.18300","2.33773","66.18459"
"1.50000","2.18800","2.31267","64.75367"
"1.50000","2.19300","2.28762","63.33338"
"1.50000","2.19800","2.26258","61.93366"
"1.50000","2.20300","2.23755","60.55535"
"1.50000","2.20800","2.21252","59.18562"
"1.50000","2.21300","2.18749","57.85046"
"1.50000","2.21800","2.16246","56.52936"
"1.50000","2.22300","2.13742","55.22978"
"1.50000","2.22800","2.11238","53.96571"
"1.50000","2.23300","2.08735","52.71515"
"1.50000","2.23800","2.06233","51.49223"
"1.50000","2.24300","2.03731","50.28209"
"1.50000","2.24800","2.01229","49.08727"
"1.50000","2.25300","1.98727","47.90872"
"1.50000","2.25800","1.96225","46.73284"
"1.50000","2.26300","1.93722","45.57834"
"1.50000","2.26800","1.91220","44.43571"
"1.50000","2.27300","1.88718","43.31132"
"1.50000","2.27800","1.86217","42.21114"
"1.50000","2.28300","1.83717","41.11190"
"1.50000","2.28800","1.81216","40.03899"
"1.50000","2.29300","1.78717","38.97753"
"1.50000","2.29800","1.76217","37.92804"
"1.50000","2.30300","1.73718","36.91329"
"1.50000","2.30800","1.71219","35.91084"
"1.50000","2.31300","1.68721","34.94398"
"1.50000","2.31800","1.66221","33.98380"
"1.50000","2.32300","1.63721","33.03447"
"1.50000","2.32800","1.61220","32.10702"
"1.50000","2.33300","1.58719","31.17176"
"1.50000","2.33800","1.56218","30.24902"
"1.50000","2.34300","1.53717","29.33405"
"1.50000","2.34800","1.51218","28.42158"
"1.50000","2.35300","1.48718","27.52675"
"1.50000","2.35800","1.46219","26.63968"
"1.50000","2.36300","1.43719","25.77248"
"1.50000","2.36800","1.41218","24.92428"
"1.50000","2.37300","1.38718","24.08110"
"1.50000","2.37800","1.36217","23.25880"
"1.50000","2.38300","1.33717","22.44014"
"1.50000","2.38800","1.31218","21.62982"
"1.50000","2.39300","1.28718","20.83301"
"1.50000","2.39800","1.26217","20.03879"
"1.50000","2.40300","1.23716","19.26064"
"1.50000","2.40800","1.21214","18.49704"
"1.50000","2.41300","1.18712","17.74458"
"1.50000","2.41800","1.16211","17.00936"
"1.50000","2.42300","1.13710","16.27384"
"1.50000","2.42800","1.11210","15.55293"
"1.50000","2.43300","1.08710","14.84042"
"1.50000","2.43800","1.06210","14.13137"
"1.50000","2.44300","1.03710","13.43823"
"1.50000","2.44800","1.01210","12.74183"
"1.50000","2.45300","0.98711","12.05812"
"1.50000","2.45800","0.96212","11.37509"
"1.50000","2.46300","0.93714","10.69790"
"1.50000","2.46800","0.91217","10.03557"
"1.50000","2.47300","0.88719","9.37524"
"1.50000","2.47800","0.86220","8.73378"
"1.50000","2.48300","0.83720","8.10301"
"1.50000","2.48800","0.81218","7.48558"
"1.50000","2.49300","0.78716","6.88541"
"1.50000","2.49800","0.76214","6.29005"
"1.50000","2.50300","0.73712","5.71742"
"1.50000","2.50800","0.71210","5.15526"
"1.50000","2.51300","0.68709","4.58902"
"1.50000","2.51800","0.66207","4.03609"
"1.50000","2.52300","0.63707","3.47492"
"1.50000","2.52800","0.61208","2.92068"
"1.50000","2.53300","0.58710","2.36367"
"1.50000","2.53800","0.56213","1.81153"
"1.50000","2.54300","0.53715","1.27235"
"1.50000","2.54800","0.51217","0.73071"
"1.50000","2.55300","0.48719","0.20687"
"1.50000","2.55800","0.46219","-0.30419"
"1.50000","2.56300","0.43720","-0.79974"
"1.50000","2.56800","0.41221","-1.27071"
"1.50000","2.57300","0.38723","-1.73055"
"1.50000","2.57800","0.36224","-2.15791"
"1.50000","2.58300","0.33724","-2.56944"
"1.50000","2.58800","0.31222","-2.95545"
"1.50000","2.59300","0.28719","-3.30664"
"1.50000","2.59800","0.26214","-3.63495"
"1.50000","2.60300","0.23710","-3.92302"
"1.50000","2.60800","0.21206","-4.18989"
"1.50000","2.61300","0.18703","-4.41920"
"1.50000","2.61800","0.16201","-4.62165"
"1.50000","2.62300","0.13699","-4.80823"
"1.50000","2.62800","0.11197","-4.96916"
"1.50000","2.63300","0.08696","-5.12084"
"1.50000","2.63800","0.06196","-5.26227"
"1.50000","2.64300","0.03698","-5.39103"
"1.50000","2.64800","0.01202","-5.51969"
"2.00000","2.65100","-0.00296","-5.58604"
"2.00000","2.65200","-0.00794","-5.60768"
"2.00000","2.65700","-0.03289","-5.72046"
"2.00000","2.66200","-0.05774","-5.75405"
"2.00000","2.66700","-0.08184","-5.57233"
"2.00000","2.67200","-0.10366","-5.26842"
"2.00000","2.67700","-0.12113","-4.87136"
"2.00000","2.68200","-0.13236","-4.54158"
"2.00000","2.68700","-0.13640","-4.44124"
"2.00000","2.69200","-0.13358","-4.42548"
"2.00000","2.69700","-0.12496","-4.42817"
"2.00000","2.70200","-0.11177","-4.38269"
"2.00000","2.70700","-0.09506","-4.29210"
"2.00000","2.71200","-0.07563","-4.16059"
"2.00000","2.71700","-0.05407","-3.98002"
"2.00000","2.72200","-0.03082","-3.76042"
"2.00000","2.72700","-0.00623","-3.47314"
"2.00000","2.73200","0.01935","-3.13953"
"2.00000","2.73700","0.04566","-2.75721"
"2.00000","2.74200","0.07241","-2.34041"
"2.00000","2.74700","0.09937","-1.90127"
"2.00000","2.75200","0.12638","-1.41686"
"2.00000","2.75700","0.15328","-0.89130"
"2.00000","2.76200","0.17999","-0.33205"
"2.00000","2.76700","0.20645","0.28471"
"2.00000","2.77200","0.23265","0.93521"
"2.00000","2.77700","0.25862","1.63788"
"2.00000","2.78200","0.28438","2.38295"
"2.00000","2.78700","0.30996","3.14810"
"2.00000","2.79200","0.33540","3.95003"
"2.00000","2.79700","0.36072","4.77295"
"2.00000","2.80200","0.38596","5.61532"
"2.00000","2.80700","0.41112","6.49980"
"2.00000","2.81200","0.43624","7.39887"
"2.00000","2.81700","0.46133","8.32512"
"2.00000","2.82200","0.48641","9.26416"
"2.00000","2.82700","0.51148","10.20857"
"2.00000","2.83200","0.53656","11.16340"
"2.00000","2.83700","0.56163","12.10668"
"2.00000","2.84200","0.58670","13.04709"
"2.00000","2.84700","0.61175","13.98525"
"2.00000","2.85200","0.63681","14.91212"
"2.00000","2.85700","0.66186","15.84933"
"2.00000","2.86200","0.68691","16.78943"
"2.00000","2.86700","0.71198","17.74681"
"2.00000","2.87200","0.73704","18.72009"
"2.00000","2.87700","0.76211","19.70214"
"2.00000","2.88200","0.78718","20.70901"
"2.00000","2.88700","0.81224","21.72444"
"2.00000","2.89200","0.83729","22.74475"
"2.00000","2.89700","0.86234","23.77422"
"2.00000","2.90200","0.88739","24.79479"
"2.00000","2.90700","0.91242","25.81977"
"2.00000","2.91200","0.93745","26.84109"
"2.00000","2.91700","0.96248","27.86439"
"2.00000","2.92200","0.98750","28.89672"
"2.00000","2.92700","1.01252","29.93096"
"2.00000","2.93200","1.03754","30.98295"
"2.00000","2.93700","1.06256","32.04648"
"2.00000","2.94200","1.08758","33.12246"
"2.00000","2.94700","1.11259","34.21426"
"2.00000","2.95200","1.13760","35.30714"
"2.00000","2.95700","1.16260","36.41514"
"2.00000","2.96200","1.18760","37.52015"
"2.00000","2.96700","1.21260","38.62416"
"2.00000","2.97200","1.23760","39.73059"
"2.00000","2.97700","1.26261","40.82727"
"2.00000","2.98200","1.28762","41.92868"
"2.00000","2.98700","1.31262","43.02997"
"2.00000","2.99200","1.33763","44.14555"
"2.00000","2.99700","1.36262","45.27157"
"2.00000","3.00200","1.38762","46.40894"
"2.00000","3.00700","1.41261","47.55832"
"2.00000","3.01200","1.43761","48.71469"
"2.00000","3.01700","1.46261","49.88010"
"2.00000","3.02200","1.48761","51.04911"
"2.00000","3.02700","1.51262","52.21053"
"2.00000","3.03200","1.53762","53.38051"
"2.00000","3.03700","1.56261","54.54267"
"2.00000","3.04200","1.58760","55.71130"
"2.00000","3.04700","1.61260","56.88453"
"2.00000","3.05200","1.63759","58.05813"
"2.00000","3.05700","1.66259","59.24619"
"2.00000","3.06200","1.68760","60.44344"
"2.00000","3.06700","1.71260","61.65350"
"2.00000","3.07200","1.73760","62.87505"
"2.00000","3.07700","1.76260","64.09346"
"2.00000","3.08200","1.78759","65.31709"
"2.00000","3.08700","1.81258","66.53720"
"2.00000","3.09200","1.83757","67.76167"
"2.00000","3.09700","1.86255","68.98852"
"2.00000","3.10200","1.88754","70.21152"
"2.00000","3.10700","1.91254","71.44398"
"2.00000","3.11200","1.93753","72.68286"
"2.00000","3.11700","1.96253","73.93658"
"2.00000","3.12200","1.98754","75.20747"
"2.00000","3.12700","2.01255","76.48482"
"2.00000","3.13200","2.03756","77.77345"
"2.00000","3.13700","2.06257","79.06287"
"2.00000","3.14200","2.08757","80.35755"
"2.00000","3.14700","2.11255","81.65887"
"2.00000","3.15200","2.13753","82.96243"
"2.00000","3.15700","2.16252","84.27414"
"2.00000","3.16200","2.18752","85.58827"
"2.00000","3.16700","2.21252","86.91043"
"2.00000","3.17200","2.23752","88.24395"
"2.00000","3.17700","2.26253","89.57403"
"2.00000","3.18200","2.28753","90.90667"
"2.00000","3.18700","2.31252","92.23492"
"2.00000","3.19200","2.33751","93.57565"
"2.00000","3.19700","2.36250","94.92350"
"2.00000","3.20200","2.38751","96.27913"
"2.00000","3.20700","2.41252","97.65288"
"2.00000","3.21200","2.43753","99.02483"
"2.00000","3.21700","2.46255","100.40421"
"2.00000","3.22200","2.48756","101.79284"
"2.00000","3.22700","2.51257","103.17585"
"2.00000","3.23200","2.53758","104.56874"
"2.00000","3.23700","2.56258","105.95708"
"2.00000","3.24200","2.58758","107.34551"
"2.00000","3.24700","2.61258","108.73160"
"2.00000","3.25200","2.63758","110.12132"
"2.00000","3.25700","2.66257","111.52644"
"2.00000","3.26200","2.68757","112.93806"
"2.00000","3.26700","2.71257","114.35921"
"2.00000","3.27200","2.73757","115.79127"
"2.00000","3.27700","2.76256","117.21866"
"2.00000","3.28200","2.78756","118.64410"
"2.00000","3.28700","2.81255","120.05972"
"2.00000","3.29200","2.83754","121.47457"
"2.00000","3.29700","2.86253","122.89433"
"2.00000","3.30200","2.88751","124.31665"
"2.00000","3.30700","2.91250","125.74904"
"2.00000","3.31200","2.93750","127.18153"
"2.00000","3.31700","2.96249","128.61577"
"2.00000","3.32200","2.98748","130.05289"
"2.50000","3.32500","3.00247","130.90898"
"2.50000","3.32600","3.00747","131.19464"
"2.50000","3.33100","3.03246","132.62564"
"2.50000","3.33600","3.05734","133.97122"
"2.50000","3.34100","3.08147","135.05029"
"2.50000","3.34600","3.10331","135.82570"
"2.50000","3.35100","3.12079","136.05981"
"2.50000","3.35600","3.13204","135.75385"
"2.50000","3.36100","3.13608","134.94098"
"2.50000","3.36600","3.13321","133.57799"
"2.50000","3.37100","3.12446","131.75537"
"2.50000","3.37600","3.11104","129.56241"
"2.50000","3.38100","3.09404","127.11642"
"2.50000","3.38600","3.07429","124.51366"
"2.50000","3.39100","3.05243","121.78902"
"2.50000","3.39600","3.02894","119.02056"
"2.50000","3.40100","3.00420","116.19952"
"2.50000","3.40600","2.97854","113.39507"
"2.50000","3.41100","2.95223","110.62115"
"2.50000","3.41600","2.92554","107.90574"
"2.50000","3.42100","2.89867","105.28098"
"2.50000","3.42600","2.87181","102.73327"
"2.50000","3.43100","2.84506","100.27467"
"2.50000","3.43600","2.81852","97.91255"
"2.50000","3.44100","2.79221","95.62961"
"2.50000","3.44600","2.76615","93.43723"
"2.50000","3.45100","2.74031","91.32782"
"2.50000","3.45600","2.71466","89.28664"
"2.50000","3.46100","2.68917","87.32819"
"2.50000","3.46600","2.66381","85.42414"
"2.50000","3.47100","2.63856","83.58411"
"2.50000","3.47600","2.61337","81.78205"
"2.50000","3.48100","2.58824","80.00462"
"2.50000","3.48600","2.56314","78.26939"
"2.50000","3.49100","2.53807","76.54896"
"2.50000","3.49600","2.51301","74.87733"
"2.50000","3.50100","2.48795","73.23259"
"2.50000","3.50600","2.46291","71.61629"
"2.50000","3.51100","2.43786","70.04570"
"2.50000","3.51600","2.41281","68.50028"
"2.50000","3.52100","2.38775","66.99152"
"2.50000","3.52600","2.36269","65.51515"
"2.50000","3.53100","2.33762","64.05864"
"2.50000","3.53600","2.31256","62.63316"
"2.50000","3.54100","2.28750","61.21750"
"2.50000","3.54600","2.26246","59.82145"
"2.50000","3.55100","2.23743","58.45059"
"2.50000","3.55600","2.21240","57.08617"
"2.50000","3.56100","2.18737","55.74820"
"2.50000","3.56600","2.16234","54.42264"
"2.50000","3.57100","2.13730","53.11737"
"2.50000","3.57600","2.11227","51.84628"
"2.50000","3.58100","2.08724","50.59169"
"2.50000","3.58600","2.06222","49.37294"
"2.50000","3.59100","2.03720","48.17746"
"2.50000","3.59600","2.01218","47.01037"
"2.50000","3.60100","1.98716","45.87547"
"2.50000","3.60600","1.96214","44.75753"
"2.50000","3.61100","1.93711","43.66256"
"2.50000","3.61600","1.91209","42.56884"
"2.50000","3.62100","1.88707","41.48269"
"2.50000","3.62600","1.86206","40.41181"
"2.50000","3.63100","1.83706","39.33407"
"2.50000","3.63600","1.81206","38.28080"
"2.50000","3.64100","1.78707","37.23678"
"2.50000","3.64600","1.76208","36.20530"
"2.50000","3.65100","1.73709","35.20764"
"2.50000","3.65600","1.71210","34.21318"
"2.50000","3.66100","1.68711","33.24794"
"2.50000","3.66600","1.66211","32.28943"
"2.50000","3.67100","1.63711","31.34227"
"2.50000","3.67600","1.61210","30.41541"
"2.50000","3.68100","1.58708","29.48254"
"2.50000","3.68600","1.56207","28.56319"
"2.50000","3.69100","1.53706","27.65397"
"2.50000","3.69600","1.51206","26.75211"
"2.50000","3.70100","1.48706","25.87181"
"2.50000","3.70600","1.46206","25.00518"
"2.50000","3.71100","1.43706","24.16035"
"2.50000","3.71600","1.41206","23.33479"
"2.50000","3.72100","1.38706","22.51633"
"2.50000","3.72600","1.36205","21.72171"
"2.50000","3.73100","1.33706","20.93332"
"2.50000","3.73600","1.31206","20.15088"
"2.50000","3.74100","1.28707","19.37601"
"2.50000","3.74600","1.26206","18.59870"
"2.50000","3.75100","1.23705","17.83369"
"2.50000","3.75600","1.21202","17.08064"
"2.50000","3.76100","1.18700","16.33547"
"2.50000","3.76600","1.16199","15.61218"
"2.50000","3.77100","1.13698","14.89372"
"2.50000","3.77600","1.11198","14.19539"
"2.50000","3.78100","1.08698","13.51176"
"2.50000","3.78600","1.06199","12.83408"
"2.50000","3.79100","1.03699","12.17416"
"2.50000","3.79600","1.01199","11.51401"
"2.50000","3.80100","0.98699","10.87916"
"2.50000","3.80600","0.96199","10.25834"
"2.50000","3.81100","0.93699","9.63827"
"2.50000","3.81600","0.91200","9.02982"
"2.50000","3.82100","0.88701","8.41894"
"2.50000","3.82600","0.86201","7.81799"
"2.50000","3.83100","0.83700","7.21966"
"2.50000","3.83600","0.81200","6.62688"
"2.50000","3.84100","0.78699","6.04696"
"2.50000","3.84600","0.76199","5.45893"
"2.50000","3.85100","0.73699","4.88011"
"2.50000","3.85600","0.71199","4.30236"
"2.50000","3.86100","0.68699","3.72574"
"2.50000","3.86600","0.66199","3.16271"
"2.50000","3.87100","0.63699","2.59535"
"2.50000","3.87600","0.61200","2.04375"
"2.50000","3.88100","0.58702","1.49400"
"2.50000","3.88600","0.56204","0.95457"
"2.50000","3.89100","0.53707","0.43198"
"2.50000","3.89600","0.51208","-0.08628"
"2.50000","3.90100","0.48709","-0.57835"
"2.50000","3.90600","0.46209","-1.04814"
"2.50000","3.91100","0.43708","-1.49101"
"2.50000","3.91600","0.41208","-1.90388"
"2.50000","3.92100","0.38707","-2.29954"
"2.50000","3.92600","0.36207","-2.66069"
"2.50000","3.93100","0.33706","-3.00768"
"2.50000","3.93600","0.31205","-3.33334"
"2.50000","3.94100","0.28702","-3.63105"
"2.50000","3.94600","0.26200","-3.91181"
"2.50000","3.95100","0.23698","-4.16083"
"2.50000","3.95600","0.21196","-4.39708"
"2.50000","3.96100","0.18695","-4.59770"
"2.50000","3.96600","0.16194","-4.77599"
"2.50000","3.97100","0.13693","-4.94046"
"2.50000","3.97600","0.11192","-5.08351"
"2.50000","3.98100","0.08691","-5.21769"
"2.50000","3.98600","0.06191","-5.34041"
"2.50000","3.99100","0.03692","-5.44820"
"2.50000","3.99600","0.01196","-5.55698"
"3.00000","3.99900","-0.00302","-5.61363"
"3.00000","4.00000","-0.00801","-5.63216"
"3.00000","4.00500","-0.03296","-5.72664"
"3.00000","4.01000","-0.05782","-5.74469"
"3.00000","4.01500","-0.08192","-5.55078"
"3.00000","4.02000","-0.10374","-5.23819"
"3.00000","4.02500","-0.12122","-4.83965"
"3.00000","4.03000","-0.13246","-4.51266"
"3.00000","4.03500","-0.13650","-4.42241"
"3.00000","4.04000","-0.13368","-4.42475"
"3.00000","4.04500","-0.12507","-4.45067"
"3.00000","4.05000","-0.11189","-4.42604"
"3.00000","4.05500","-0.09518","-4.35908"
"3.00000","4.06000","-0.07576","-4.25053"
"3.00000","4.06500","-0.05420","-4.09617"
"3.00000","4.07000","-0.03095","-3.90600"
"3.00000","4.07500","-0.00637","-3.65413"
"3.00000","4.08000","0.01922","-3.36802"
"3.00000","4.08500","0.04553","-3.03863"
"3.00000","4.09000","0.07228","-2.67546"
"3.00000","4.09500","0.09926","-2.29354"
"3.00000","4.10000","0.12627","-1.86982"
"3.00000","4.10500","0.15317","-1.41167"
"3.00000","4.11000","0.17988","-0.92279"
"3.00000","4.11500","0.20634","-0.37888"
"3.00000","4.12000","0.23254","0.19360"
"3.00000","4.12500","0.25851","0.81824"
"3.00000","4.13000","0.28427","1.48785"
"3.00000","4.13500","0.30985","2.18484"
"3.00000","4.14000","0.33530","2.92175"
"3.00000","4.14500","0.36062","3.68599"
"3.00000","4.15000","0.38586","4.47740"
"3.00000","4.15500","0.41103","5.31472"
"3.00000","4.16000","0.43616","6.17135"
"3.00000","4.16500","0.46125","7.05667"
"3.00000","4.17000","0.48633","7.95329"
"3.00000","4.17500","0.51140","8.85737"
"3.00000","4.18000","0.53647","9.77782"
"3.00000","4.18500","0.56154","10.68962"
"3.00000","4.19000","0.58660","11.59835"
"3.00000","4.19500","0.61166","12.50306"
"3.00000","4.20000","0.63671","13.39519"
"3.00000","4.20500","0.66177","14.29600"
"3.00000","4.21000","0.68682","15.19602"
"3.00000","4.21500","0.71188","16.11261"
"3.00000","4.22000","0.73695","17.04552"
"3.00000","4.22500","0.76201","17.98604"
"3.00000","4.23000","0.78707","18.95298"
"3.00000","4.23500","0.81213","19.93321"
"3.00000","4.24000","0.83718","20.92343"
"3.00000","4.24500","0.86223","21.92129"
"3.00000","4.25000","0.88728","22.90778"
"3.00000","4.25500","0.91232","23.89865"
"3.00000","4.26000","0.93734","24.88091"
"3.00000","4.26500","0.96235","25.86422"
"3.00000","4.27000","0.98736","26.85658"
"3.00000","4.27500","1.01238","27.84944"
"3.00000","4.28000","1.03740","28.86249"
"3.00000","4.28500","1.06242","29.88932"
"3.00000","4.29000","1.08745","30.93123"
"3.00000","4.29500","1.11248","31.99386"
"3.00000","4.30000","1.13750","33.06239"
"3.00000","4.30500","1.16251","34.14778"
"3.00000","4.31000","1.18752","35.23135"
"3.00000","4.31500","1.21252","36.31602"
"3.00000","4.32000","1.23753","37.40186"
"3.00000","4.32500","1.26253","38.48027"
"3.00000","4.33000","1.28754","39.56507"
"3.00000","4.33500","1.31254","40.64373"
"3.00000","4.34000","1.33755","41.73283"
"3.00000","4.34500","1.36254","42.83205"
"3.00000","4.35000","1.38753","43.93856"
"3.00000","4.35500","1.41252","45.05575"
"3.00000","4.36000","1.43752","46.18275"
"3.00000","4.36500","1.46252","47.32333"
"3.00000","4.37000","1.48753","48.47438"
"3.00000","4.37500","1.51253","49.62284"
"3.00000","4.38000","1.53753","50.78158"
"3.00000","4.38500","1.56252","51.93165"
"3.00000","4.39000","1.58750","53.08749"
"3.00000","4.39500","1.61249","54.24414"
"3.00000","4.40000","1.63748","55.39905"
"3.00000","4.40500","1.66248","56.56575"
"3.00000","4.41000","1.68748","57.73831"
"3.00000","4.41500","1.71249","58.92257"
"3.00000","4.42000","1.73749","60.12030"
"3.00000","4.42500","1.76249","61.31932"
"3.00000","4.43000","1.78749","62.52847"
"3.00000","4.43500","1.81248","63.73951"
"3.00000","4.44000","1.83747","64.95427"
"3.00000","4.44500","1.86246","66.17384"
"3.00000","4.45000","1.88745","67.39265"
"3.00000","4.45500","1.91244","68.62184"
"3.00000","4.46000","1.93743","69.85503"
"3.00000","4.46500","1.96243","71.09737"
"3.00000","4.47000","1.98744","72.35382"
"3.00000","4.47500","2.01244","73.61330"
"3.00000","4.48000","2.03745","74.88668"
"3.00000","4.48500","2.06246","76.16695"
"3.00000","4.49000","2.08745","77.45550"
"3.00000","4.49500","2.11244","78.74641"
"3.00000","4.50000","2.13743","80.03257"
"3.00000","4.50500","2.16242","81.32391"
"3.00000","4.51000","2.18741","82.61701"
"3.00000","4.51500","2.21242","83.91862"
"3.00000","4.52000","2.23743","85.23537"
"3.00000","4.52500","2.26243","86.55811"
"3.00000","4.53000","2.28743","87.89623"
"3.00000","4.53500","2.31243","89.24059"
"3.00000","4.54000","2.33742","90.59937"
"3.00000","4.54500","2.36242","91.96282"
"3.00000","4.55000","2.38742","93.32898"
"3.00000","4.55500","2.41244","94.70476"
"3.00000","4.56000","2.43745","96.07281"
"3.00000","4.56500","2.46247","97.44589"
"3.00000","4.57000","2.48748","98.82681"
"3.00000","4.57500","2.51249","100.20442"
"3.00000","4.58000","2.53749","101.59754"
"3.00000","4.58500","2.56249","102.98988"
"3.00000","4.59000","2.58749","104.39227"
"3.00000","4.59500","2.61249","105.80016"
"3.00000","4.60000","2.63748","107.20834"
"3.00000","4.60500","2.66247","108.62255"
"3.00000","4.61000","2.68746","110.03788"
"3.00000","4.61500","2.71246","111.46416"
"3.00000","4.62000","2.73745","112.89706"
"3.00000","4.62500","2.76245","114.32986"
"3.00000","4.63000","2.78745","115.77062"
"3.00000","4.63500","2.81244","117.21082"
"3.00000","4.64000","2.83743","118.65535"
"3.00000","4.64500","2.86242","120.10548"
"3.00000","4.65000","2.88741","121.55299"
"3.00000","4.65500","2.91240","123.00762"
"3.00000","4.66000","2.93740","124.46349"
"3.00000","4.66500","2.96239","125.92463"
"3.00000","4.67000","2.98738","127.39674"
"3.50000","4.67300","3.00237","128.27753"
"3.50000","4.67400","3.00737","128.57204"
"3.50000","4.67900","3.03235","130.04823"
"3.50000","4.68400","3.05723","131.44051"
"3.50000","4.68900","3.08136","132.57033"
"3.50000","4.69400","3.10322","133.39719"
"3.50000","4.69900","3.12072","133.68086"
"3.50000","4.70400","3.13198","133.42017"
"3.50000","4.70900","3.13602","132.64427"
"3.50000","4.71400","3.13313","131.31348"
"3.50000","4.71900","3.12435","129.52475"
"3.50000","4.72400","3.11091","127.37093"
"3.50000","4.72900","3.09390","124.96600"
"3.50000","4.73400","3.07415","122.40548"
"3.50000","4.73900","3.05230","119.72252"
"3.50000","4.74400","3.02883","116.99254"
"3.50000","4.74900","3.00410","114.20367"
"3.50000","4.75400","2.97845","111.42417"
"3.50000","4.75900","2.95215","108.67157"
"3.50000","4.76400","2.92547","105.97404"
"3.50000","4.76900","2.89861","103.36977"
"3.50000","4.77400","2.87175","100.84579"
"3.50000","4.77900","2.84501","98.41603"
"3.50000","4.78400","2.81848","96.08539"
"3.50000","4.78900","2.79218","93.83099"
"3.50000","4.79400","2.76612","91.66344"
"3.50000","4.79900","2.74028","89.57281"
"3.50000","4.80400","2.71463","87.54327"
"3.50000","4.80900","2.68915","85.59276"
"3.50000","4.81400","2.66379","83.69958"
"3.50000","4.81900","2.63854","81.87299"
"3.50000","4.82400","2.61336","80.08803"
"3.50000","4.82900","2.58823","78.32949"
"3.50000","4.83400","2.56313","76.61231"
"3.50000","4.83900","2.53805","74.90791"
"3.50000","4.84400","2.51299","73.24980"
"3.50000","4.84900","2.48794","71.61761"
"3.50000","4.85400","2.46289","70.01282"
"3.50000","4.85900","2.43785","68.45224"
"3.50000","4.86400","2.41280","66.92103"
"3.50000","4.86900","2.38774","65.43037"
"3.50000","4.87400","2.36267","63.97335"
"3.50000","4.87900","2.33761","62.53339"
"3.50000","4.88400","2.31255","61.12385"
"3.50000","4.88900","2.28750","59.72438"
"3.50000","4.89400","2.26246","58.34229"
"3.50000","4.89900","2.23743","56.98639"
"3.50000","4.90400","2.21240","55.63574"
"3.50000","4.90900","2.18737","54.31093"
"3.50000","4.91400","2.16234","52.99942"
"3.50000","4.91900","2.13730","51.70980"
"3.50000","4.92400","2.11227","50.45430"
"3.50000","4.92900","2.08724","49.21341"
"3.50000","4.93400","2.06222","48.00683"
"3.50000","4.93900","2.03720","46.82005"
"3.50000","4.94400","2.01218","45.65662"
"3.50000","4.94900","1.98716","44.51642"
"3.50000","4.95400","1.96213","43.37952"
"3.50000","4.95900","1.93711","42.25944"
"3.50000","4.96400","1.91208","41.14545"
"3.50000","4.96900","1.88706","40.06014"
"3.50000","4.97400","1.86205","39.01313"
"3.50000","4.97900","1.83705","37.97147"
"3.50000","4.98400","1.81205","36.95805"
"3.50000","4.98900","1.78705","35.95718"
"3.50000","4.99400","1.76206","34.96858"
"3.50000","4.99900","1.73707","34.00654"
"3.50000","5.00400","1.71208","33.04310"
"3.50000","5.00900","1.68709","32.09990"
"3.50000","5.01400","1.66210","31.15568"
"3.50000","5.01900","1.63710","30.21739"
"3.50000","5.02400","1.61209","29.29943"
"3.50000","5.02900","1.58708","28.37988"
"3.50000","5.03400","1.56207","27.47399"
"3.50000","5.03900","1.53706","26.57792"
"3.50000","5.04400","1.51206","25.68917"
"3.50000","5.04900","1.48706","24.82372"
"3.50000","5.05400","1.46207","23.97440"
"3.50000","5.05900","1.43707","23.14478"
"3.50000","5.06400","1.41207","22.33406"
"3.50000","5.06900","1.38706","21.53030"
"3.50000","5.07400","1.36206","20.74822"
"3.50000","5.07900","1.33706","19.97171"
"3.50000","5.08400","1.31207","19.19833"
"3.50000","5.08900","1.28707","18.43146"
"3.50000","5.09400","1.26206","17.66274"
"3.50000","5.09900","1.23705","16.91034"
"3.50000","5.10400","1.21203","16.17477"
"3.50000","5.10900","1.18701","15.45173"
"3.50000","5.11400","1.16199","14.75375"
"3.50000","5.11900","1.13699","14.06100"
"3.50000","5.12400","1.11199","13.38830"
"3.50000","5.12900","1.08699","12.72632"
"3.50000","5.13400","1.06200","12.06478"
"3.50000","5.13900","1.03700","11.41643"
"3.50000","5.14400","1.01199","10.75879"
"3.50000","5.14900","0.98699","10.11149"
"3.50000","5.15400","0.96199","9.46996"
"3.50000","5.15900","0.93699","8.83276"
"3.50000","5.16400","0.91199","8.20878"
"3.50000","5.16900","0.88699","7.58529"
"3.50000","5.17400","0.86199","6.98433"
"3.50000","5.17900","0.83698","6.39411"
"3.50000","5.18400","0.81198","5.81272"
"3.50000","5.18900","0.78698","5.24741"
"3.50000","5.19400","0.76198","4.67693"
"3.50000","5.19900","0.73699","4.13034"
"3.50000","5.20400","0.71199","3.60076"
"3.50000","5.20900","0.68699","3.07206"
"3.50000","5.21400","0.66200","2.55125"
"3.50000","5.21900","0.63700","2.02562"
"3.50000","5.22400","0.61201","1.51429"
"3.50000","5.22900","0.58703","1.00281"
"3.50000","5.23400","0.56204","0.50260"
"3.50000","5.23900","0.53706","0.01809"
"3.50000","5.24400","0.51208","-0.46173"
"3.50000","5.24900","0.48709","-0.91941"
"3.50000","5.25400","0.46209","-1.35964"
"3.50000","5.25900","0.43708","-1.77584"
"3.50000","5.26400","0.41208","-2.16610"
"3.50000","5.26900","0.38708","-2.54806"
"3.50000","5.27400","0.36208","-2.89987"
"3.50000","5.27900","0.33707","-3.23193"
"3.50000","5.28400","0.31205","-3.53898"
"3.50000","5.28900","0.28703","-3.81393"
"3.50000","5.29400","0.26200","-4.07405"
"3.50000","5.29900","0.23698","-4.29759"
"3.50000","5.30400","0.21196","-4.50055"
"3.50000","5.30900","0.18695","-4.67522"
"3.50000","5.31400","0.16195","-4.83020"
"3.50000","5.31900","0.13694","-4.97910"
"3.50000","5.32400","0.11192","-5.11046"
"3.50000","5.32900","0.08691","-5.23234"
"3.50000","5.33400","0.06191","-5.34106"
"3.50000","5.33900","0.03693","-5.43063"
"3.50000","5.34400","0.01196","-5.51687"
"4.00000","5.34700","-0.00302","-5.55691"
"4.00000","5.34800","-0.00801","-5.56967"
"4.00000","5.35300","-0.03296","-5.63422"
"4.00000","5.35800","-0.05782","-5.62696"
"4.00000","5.36300","-0.08192","-5.41378"
"4.00000","5.36800","-0.10374","-5.09320"
"4.00000","5.37300","-0.12121","-4.69916"
"4.00000","5.37800","-0.13245","-4.38365"
"4.00000","5.38300","-0.13650","-4.30780"
"4.00000","5.38800","-0.13368","-4.31856"
"4.00000","5.39300","-0.12508","-4.35210"
"4.00000","5.39800","-0.11190","-4.33937"
"4.00000","5.40300","-0.09519","-4.28503"
"4.00000","5.40800","-0.07576","-4.19083"
"4.00000","5.41300","-0.05419","-4.05445"
"4.00000","5.41800","-0.03092","-3.89238"
"4.00000","5.42300","-0.00633","-3.67214"
"4.00000","5.42800","0.01927","-3.41709"
"4.00000","5.43300","0.04558","-3.11695"
"4.00000","5.43800","0.07234","-2.78529"
"4.00000","5.44300","0.09931","-2.43567"
"4.00000","5.44800","0.12632","-2.04303"
"4.00000","5.45300","0.15323","-1.61823"
"4.00000","5.45800","0.17993","-1.16897"
"4.00000","5.46300","0.20639","-0.66974"
"4.00000","5.46800","0.23259","-0.14777"
"4.00000","5.47300","0.25856","0.42570"
"4.00000","5.47800","0.28431","1.04481"
"4.00000","5.48300","0.30989","1.68962"
"4.00000","5.48800","0.33533","2.37573"
"4.00000","5.49300","0.36066","3.09366"
"4.00000","5.49800","0.38589","3.83872"
"4.00000","5.50300","0.41106","4.62782"
"4.00000","5.50800","0.43618","5.43628"
"4.00000","5.51300","0.46127","6.27469"
"4.00000","5.51800","0.48635","7.13018"
"4.00000","5.52300","0.51142","7.99768"
"4.00000","5.52800","0.53649","8.88541"
"4.00000","5.53300","0.56156","9.77078"
"4.00000","5.53800","0.58662","10.65820"
"4.00000","5.54300","0.61168","11.54481"
"4.00000","5.54800","0.63673","12.41925"
"4.00000","5.55300","0.66179","13.30237"
"4.00000","5.55800","0.68684","14.18380"
"4.00000","5.56300","0.71190","15.07949"
"4.00000","5.56800","0.73697","15.99193"
"4.00000","5.57300","0.76203","16.91128"
"4.00000","5.57800","0.78710","17.85605"
"4.00000","5.58300","0.81216","18.80774"
"4.00000","5.58800","0.83721","19.76525"
"4.00000","5.59300","0.86226","20.73039"
"4.00000","5.59800","0.88730","21.68883"
"4.00000","5.60300","0.91234","22.65652"
"4.00000","5.60800","0.93737","23.61941"
"4.00000","5.61300","0.96239","24.58730"
"4.00000","5.61800","0.98741","25.56514"
"4.00000","5.62300","1.01244","26.54563"
"4.00000","5.62800","1.03746","27.54335"
"4.00000","5.63300","1.06249","28.54924"
"4.00000","5.63800","1.08751","29.56731"
"4.00000","5.64300","1.11252","30.59529"
"4.00000","5.64800","1.13753","31.62463"
"4.00000","5.65300","1.16253","32.67296"
"4.00000","5.65800","1.18753","33.72728"
"4.00000","5.66300","1.21253","34.78800"
"4.00000","5.66800","1.23753","35.85686"
"4.00000","5.67300","1.26253","36.92425"
"4.00000","5.67800","1.28754","38.00057"
"4.00000","5.68300","1.31254","39.07168"
"4.00000","5.68800","1.33754","40.15343"
"4.00000","5.69300","1.36254","41.23961"
"4.00000","5.69800","1.38753","42.33300"
"4.00000","5.70300","1.41252","43.43553"
"4.00000","5.70800","1.43751","44.54601"
"4.00000","5.71300","1.46251","45.66677"
"4.00000","5.71800","1.48752","46.79299"
"4.00000","5.72300","1.51252","47.91673"
"4.00000","5.72800","1.53752","49.05309"
"4.00000","5.73300","1.56252","50.18599"
"4.00000","5.73800","1.58751","51.32790"
"4.00000","5.74300","1.61250","52.47385"
"4.00000","5.74800","1.63750","53.62200"
"4.00000","5.75300","1.66250","54.78241"
"4.00000","5.75800","1.68751","55.94937"
"4.00000","5.76300","1.71251","57.12464"
"4.00000","5.76800","1.73752","58.30934"
"4.00000","5.77300","1.76252","59.48919"
"4.00000","5.77800","1.78751","60.67741"
"4.00000","5.78300","1.81250","61.86679"
"4.00000","5.78800","1.83749","63.06424"
"4.00000","5.79300","1.86247","64.27349"
"4.00000","5.79800","1.88746","65.48276"
"4.00000","5.80300","1.91246","66.70356"
"4.00000","5.80800","1.93746","67.92795"
"4.00000","5.81300","1.96246","69.16100"
"4.00000","5.81800","1.98747","70.40670"
"4.00000","5.82300","2.01248","71.65079"
"4.00000","5.82800","2.03749","72.89893"
"4.00000","5.83300","2.06249","74.14831"
"4.00000","5.83800","2.08749","75.40611"
"4.00000","5.84300","2.11248","76.67602"
"4.00000","5.84800","2.13747","77.95237"
"4.00000","5.85300","2.16246","79.24334"
"4.00000","5.85800","2.18745","80.53960"
"4.00000","5.86300","2.21245","81.84496"
"4.00000","5.86800","2.23746","83.16471"
"4.00000","5.87300","2.26246","84.48764"
"4.00000","5.87800","2.28746","85.82273"
"4.00000","5.88300","2.31246","87.15417"
"4.00000","5.88800","2.33745","88.49446"
"4.00000","5.89300","2.36244","89.83958"
"4.00000","5.89800","2.38745","91.18974"
"4.00000","5.90300","2.41245","92.55490"
"4.00000","5.90800","2.43746","93.92071"
"4.00000","5.91300","2.46248","95.29850"
"4.00000","5.91800","2.48749","96.68615"
"4.00000","5.92300","2.51249","98.07601"
"4.00000","5.92800","2.53750","99.47852"
"4.00000","5.93300","2.56251","100.87413"
"4.00000","5.93800","2.58751","102.27737"
"4.00000","5.94300","2.61251","103.68806"
"4.00000","5.94800","2.63751","105.10656"
"4.00000","5.95300","2.66251","106.53481"
"4.00000","5.95800","2.68750","107.96678"
"4.00000","5.96300","2.71249","109.40537"
"4.00000","5.96800","2.73748","110.85267"
"4.00000","5.97300","2.76248","112.30157"
"4.00000","5.97800","2.78747","113.76159"
"4.00000","5.98300","2.81246","115.22066"
"4.00000","5.98800","2.83745","116.67268"
"4.00000","5.99300","2.86244","118.12276"
"4.00000","5.99800","2.88743","119.57912"
"4.00000","6.00300","2.91242","121.04921"
"4.00000","6.00800","2.93742","122.52254"
"4.00000","6.01300","2.96241","124.00246"
"4.00000","6.01800","2.98740","125.49023"
"4.50000","6.02100","3.00239","126.37823"
"4.50000","6.02200","3.00739","126.67477"
"4.50000","6.02700","3.03237","128.15962"
"4.50000","6.03200","3.05726","129.56099"
"4.50000","6.03700","3.08139","130.69577"
"4.50000","6.04200","3.10325","131.53102"
"4.50000","6.04700","3.12074","131.82854"
"4.50000","6.05200","3.13200","131.59081"
"4.50000","6.05700","3.13603","130.84984"
"4.50000","6.06200","3.13312","129.55830"
"4.50000","6.06700","3.12432","127.80753"
"4.50000","6.07200","3.11086","125.68560"
"4.50000","6.07700","3.09382","123.30922"
"4.50000","6.08200","3.07406","120.77503"
"4.50000","6.08700","3.05219","118.11601"
"4.50000","6.09200","3.02871","115.40928"
"4.50000","6.09700","3.00399","112.63963"
"4.50000","6.10200","2.97834","109.87929"
"4.50000","6.10700","2.95206","107.14720"
"4.50000","6.11200","2.92538","104.46811"
"4.50000","6.11700","2.89853","101.88102"
"4.50000","6.12200","2.87168","99.37233"
"4.50000","6.12700","2.84495","96.95804"
"4.50000","6.13200","2.81842","94.64513"
"4.50000","6.13700","2.79213","92.40940"
"4.50000","6.14200","2.76607","90.26037"
"4.50000","6.14700","2.74023","88.18641"
"4.50000","6.15200","2.71458","86.17299"
"4.50000","6.15700","2.68910","84.23256"
"4.50000","6.16200","2.66374","82.34563"
"4.50000","6.16700","2.63849","80.52379"
"4.50000","6.17200","2.61331","78.74314"
"4.50000","6.17700","2.58818","76.99435"
"4.50000","6.18200","2.56309","75.29331"
"4.50000","6.18700","2.53801","73.60839"
"4.50000","6.19200","2.51296","71.96881"
"4.50000","6.19700","2.48791","70.35103"
"4.50000","6.20200","2.46287","68.75745"
"4.50000","6.20700","2.43782","67.20621"
"4.50000","6.21200","2.41277","65.68038"
"4.50000","6.21700","2.38771","64.19483"
"4.50000","6.22200","2.36265","62.74626"
"4.50000","6.22700","2.33758","61.31966"
"4.50000","6.23200","2.31251","59.92853"
"4.50000","6.23700","2.28746","58.54812"
"4.50000","6.24200","2.26242","57.18355"
"4.50000","6.24700","2.23738","55.84221"
"4.50000","6.25200","2.21235","54.50537"
"4.50000","6.25700","2.18733","53.19295"
"4.50000","6.26200","2.16230","51.89363"
"4.50000","6.26700","2.13727","50.61452"
"4.50000","6.27200","2.11225","49.37045"
"4.50000","6.27700","2.08723","48.15070"
"4.50000","6.28200","2.06221","46.97754"
"4.50000","6.28700","2.03719","45.82850"
"4.50000","6.29200","2.01218","44.69867"
"4.50000","6.29700","1.98716","43.58937"
"4.50000","6.30200","1.96213","42.47862"
"4.50000","6.30700","1.93711","41.38404"
"4.50000","6.31200","1.91208","40.28917"
"4.50000","6.31700","1.88706","39.20555"
"4.50000","6.32200","1.86204","38.14410"
"4.50000","6.32700","1.83703","37.08223"
"4.50000","6.33200","1.81202","36.04711"
"4.50000","6.33700","1.78702","35.02815"
"4.50000","6.34200","1.76203","34.02682"
"4.50000","6.34700","1.73704","33.05288"
"4.50000","6.35200","1.71206","32.07777"
"4.50000","6.35700","1.68707","31.12686"
"4.50000","6.36200","1.66208","30.18031"
"4.50000","6.36700","1.63708","29.24715"
"4.50000","6.37200","1.61207","28.34084"
"4.50000","6.37700","1.58706","27.43601"
"4.50000","6.38200","1.56205","26.54824"
"4.50000","6.38700","1.53704","25.67502"
"4.50000","6.39200","1.51204","24.81477"
"4.50000","6.39700","1.48704","23.97764"
"4.50000","6.40200","1.46205","23.15194"
"4.50000","6.40700","1.43705","22.33904"
"4.50000","6.41200","1.41205","21.54030"
"4.50000","6.41700","1.38704","20.74135"
"4.50000","6.42200","1.36204","19.95951"
"4.50000","6.42700","1.33704","19.18263"
"4.50000","6.43200","1.31205","18.41318"
"4.50000","6.43700","1.28705","17.65919"
"4.50000","6.44200","1.26204","16.90788"
"4.50000","6.44700","1.23702","16.17588"
"4.50000","6.45200","1.21200","15.45884"
"4.50000","6.45700","1.18698","14.75882"
"4.50000","6.46200","1.16196","14.09809"
"4.50000","6.46700","1.13695","13.45037"
"4.50000","6.47200","1.11195","12.81507"
"4.50000","6.47700","1.08695","12.18475"
"4.50000","6.48200","1.06196","11.55445"
"4.50000","6.48700","1.03696","10.93334"
"4.50000","6.49200","1.01196","10.29893"
"4.50000","6.49700","0.98696","9.67321"
"4.50000","6.50200","0.96196","9.04599"
"4.50000","6.50700","0.93696","8.42034"
"4.50000","6.51200","0.91196","7.80853"
"4.50000","6.51700","0.88696","7.19660"
"4.50000","6.52200","0.86196","6.60775"
"4.50000","6.52700","0.83695","6.02682"
"4.50000","6.53200","0.81195","5.45348"
"4.50000","6.53700","0.78695","4.89495"
"4.50000","6.54200","0.76195","4.33157"
"4.50000","6.54700","0.73696","3.77682"
"4.50000","6.55200","0.71197","3.21931"
"4.50000","6.55700","0.68697","2.66133"
"4.50000","6.56200","0.66197","2.11529"
"4.50000","6.56700","0.63697","1.57132"
"4.50000","6.57200","0.61198","1.04943"
"4.50000","6.57700","0.58699","0.53826"
"4.50000","6.58200","0.56201","0.04343"
"4.50000","6.58700","0.53702","-0.42685"
"4.50000","6.59200","0.51203","-0.88289"
"4.50000","6.59700","0.48704","-1.30940"
"4.50000","6.60200","0.46204","-1.71501"
"4.50000","6.60700","0.43704","-2.09829"
"4.50000","6.61200","0.41204","-2.45492"
"4.50000","6.61700","0.38703","-2.80087"
"4.50000","6.62200","0.36203","-3.11927"
"4.50000","6.62700","0.33703","-3.42167"
"4.50000","6.63200","0.31201","-3.70415"
"4.50000","6.63700","0.28700","-3.95728"
"4.50000","6.64200","0.26197","-4.19601"
"4.50000","6.64700","0.23695","-4.40215"
"4.50000","6.65200","0.21194","-4.59155"
"4.50000","6.65700","0.18693","-4.75661"
"4.50000","6.66200","0.16192","-4.90058"
"4.50000","6.66700","0.13691","-5.03421"
"4.50000","6.67200","0.11190","-5.14835"
"4.50000","6.67700","0.08689","-5.25388"
"4.50000","6.68200","0.06189","-5.35363"
"4.50000","6.68700","0.03690","-5.43786"
"4.50000","6.69200","0.01193","-5.52654"
"5.00000","6.69500","-0.00305","-5.57266"
"5.00000","6.69600","-0.00804","-5.58798"
"5.00000","6.69700","-0.01303","-5.60442"
"5.00000","6.79700","0.13165","-2.22997"
"5.00000","6.89700","0.64177","11.74679"
"5.00000","6.99700","1.14257","30.64381"
"5.00000","7.09700","1.64254","52.37738"
"5.00000","7.19700","2.14249","76.69458"
"5.00000","7.29700","2.64255","103.78378"
"5.50000","7.36900","3.00244","124.82405"
"5.50000","7.37000","3.00743","125.12103"
"5.50000","7.37100","3.01243","125.41896"
"5.50000","7.47100","2.86626","97.81903"
"5.50000","7.57100","2.35762","61.62275"
"5.50000","7.67100","1.85703","37.06437"
"5.50000","7.77100","1.35704","19.27695"
"5.50000","7.87100","0.85696","5.98246"
"6.00000","7.92900","0.56702","-0.08756"
